Time Âµs,Current.Ia,Current.Ib,Current.Ic,Current.In,Voltage.Va,Voltage.Vb,Voltage.Vc
1125878400000000000,240.931030273438,-496.850616455078,219.149703979492,-0.0859532803297043,360.606292724609,-8256.7353515625,8687.5595703125
1125878400000130048,251.994186401367,-501.745697021484,195.888000488281,-0.125860154628754,833.124877929688,-8467.4921875,8414.5224609375
1125878400000259968,265.515838623047,-507.864562988281,171.402008056641,-0.171906560659409,1318.07824707031,-8752.634765625,8153.8955078125
1125878400000390016,276.578979492188,-510.312103271484,148.14030456543,-0.205673918128014,1753.29272460938,-9000.5849609375,7831.21484375
1125878400000519936,290.100616455078,-510.312103271484,124.878601074219,-0.233301758766174,2213.37670898438,-9198.9453125,7471.3017578125
1125878400000651008,302.393035888672,-510.312103271484,101.616905212402,-0.260929614305496,2648.59106445313,-9397.3046875,7111.38818359375
1125878400000781056,314.685424804688,-507.864562988281,78.3552017211914,-0.279348164796829,3083.8056640625,-9533.677734375,6714.24267578125
1125878400000910976,324.519348144531,-504.193237304688,57.5421028137207,-0.297766715288162,3519.02001953125,-9657.65234375,6341.9189453125
1125878400001041024,336.811737060547,-500.521942138672,35.5046997070313,-0.313115537166595,3966.66918945313,-9732.037109375,5982.00537109375
1125878400001170944,347.874908447266,-496.850616455078,14.6916007995605,-0.334603846073151,4414.318359375,-9744.4345703125,5572.44921875
1125878400001302016,355.250335693359,-489.507995605469,-7.34580039978027,-0.353022396564484,4861.9677734375,-9744.4345703125,5162.892578125
1125878400001432064,363.855010986328,-482.165374755859,-29.3832015991211,-0.371440976858139,5297.18212890625,-9732.037109375,4716.10400390625
1125878400001561984,371.23046875,-474.82275390625,-52.6449012756348,-0.392929285764694,5707.52734375,-9732.037109375,4281.72607421875
1125878400001692032,376.147430419922,-466.256378173828,-74.6823043823242,-0.405208319425583,6080.568359375,-9732.037109375,3797.70483398438
1125878400001821952,381.064392089844,-455.242462158203,-95.4953994750977,-0.417487353086472,6403.87060546875,-9670.0498046875,3313.68359375
1125878400001953024,384.752105712891,-438.109680175781,-116.308502197266,-0.420557111501694,6739.607421875,-9632.857421875,2767.6083984375
1125878400002082944,388.439819335938,-422.200653076172,-133.448699951172,-0.417487353086472,7062.90966796875,-9546.0751953125,2233.94409179688
1125878400002212992,389.669067382813,-403.844116210938,-151.813201904297,-0.405208319425583,7361.34228515625,-9434.4970703125,1687.86877441406
1125878400002343040,393.356781005859,-383.040008544922,-166.504806518555,-0.392929285764694,7622.47119140625,-9335.3173828125,1154.20434570313
1125878400002472960,393.356781005859,-363.459686279297,-181.196411132813,-0.368371218442917,7908.46923828125,-9174.150390625,632.950805664063
1125878400002604032,393.356781005859,-341.431823730469,-190.990798950195,-0.340743362903595,8132.2939453125,-9000.5849609375,124.108001708984
1125878400002733952,392.127532958984,-318.180206298828,-202.009506225586,-0.316185295581818,8380.98828125,-8814.6220703125,-384.734802246094
1125878400002864000,389.669067382813,-292.481048583984,-211.803909301758,-0.279348164796829,8604.8125,-8579.0703125,-893.577575683594
1125878400002994048,388.439819335938,-266.781860351563,-221.59831237793,-0.242511048913002,8853.5068359375,-8343.517578125,-1390.00964355469
1125878400003124992,384.752105712891,-239.858917236328,-231.392700195313,-0.205673918128014,9064.896484375,-8045.9775390625,-1874.03076171875
1125878400003255040,379.835144042969,-214.159759521484,-237.514205932617,-0.178046077489853,9251.4169921875,-7736.0400390625,-2308.40869140625
1125878400003384960,374.918182373047,-184.789276123047,-248.532897949219,-0.14734847843647,9462.806640625,-7388.91015625,-2780.01928710938
1125878400003515008,366.313507080078,-159.090103149414,-257.102996826172,-0.11972064524889,9587.1533203125,-7016.98486328125,-3189.57568359375
1125878400003645056,357.708831787109,-129.719619750977,-269.346008300781,-0.101302079856396,9699.06640625,-6682.25244140625,-3623.95361328125
1125878400003776000,351.562622070313,-102.796684265137,-280.364715576172,-0.0828835219144821,9773.673828125,-6310.32763671875,-4045.9208984375
1125878400003906048,342.957946777344,-78.3212814331055,-290.159118652344,-0.061395201832056,9823.4130859375,-5987.99267578125,-4467.88818359375
1125878400004035968,338.040985107422,-51.3983421325684,-302.402099609375,-0.0368371196091175,9835.84765625,-5554.080078125,-4877.4443359375
1125878400004166016,328.207061767578,-24.4754009246826,-312.196502685547,-0.015348800458014,9823.4130859375,-5194.552734375,-5274.58984375
1125878400004295936,319.602386474609,6.11885023117065,-326.888092041016,0.00306976004503667,9810.978515625,-4748.24267578125,-5684.146484375
1125878400004427008,308.539215087891,36.7131004333496,-339.131103515625,0.0214883200824261,9810.978515625,-4326.7275390625,-6019.23779296875
1125878400004557056,298.705291748047,67.3073501586914,-351.374114990234,0.03990688174963,9736.3701171875,-3843.22509765625,-6354.32958984375
1125878400004686976,286.412902832031,95.4540634155273,-361.168518066406,0.0460464023053646,9699.06640625,-3359.72241210938,-6677.01025390625
1125878400004817024,271.662017822266,124.82453918457,-372.187194824219,0.0552556812763214,9624.4580078125,-2814.232421875,-6999.69140625
1125878400004946944,254.452667236328,152.971252441406,-381.981597900391,0.0583254396915436,9524.98046875,-2293.53759765625,-7297.55029296875
1125878400005078016,233.555587768555,179.894195556641,-391.776000976563,0.0521859191358089,9400.6328125,-1748.04748535156,-7595.40966796875
1125878400005208064,215.116989135742,206.817138671875,-401.570404052734,0.0429766401648521,9288.720703125,-1239.75,-7868.447265625
1125878400005337984,192.990676879883,230.068771362305,-407.69189453125,0.0276278406381607,9114.634765625,-719.054992675781,-8104.25244140625
1125878400005468032,168.405868530273,252.096618652344,-412.589111328125,0.0122790401801467,8915.6796875,-173.565002441406,-8352.46875
1125878400005597952,141.362594604492,272.900726318359,-412.589111328125,-0.00920927990227938,8691.85546875,334.732513427734,-8575.8623046875
1125878400005729024,115.548553466797,291.257263183594,-415.037719726563,-0.0337673611938953,8455.595703125,855.427490234375,-8836.4892578125
1125878400005858944,88.5052795410156,310.837585449219,-417.486297607422,-0.0552556812763214,8157.1630859375,1351.32751464844,-9084.7060546875
1125878400005988992,62.6912384033203,326.74658203125,-413.813415527344,-0.0706044808030128,7833.86083984375,1822.43249511719,-9283.2783203125
1125878400006119040,36.877197265625,342.655609130859,-410.140502929688,-0.0828835219144821,7498.1240234375,2281.13989257813,-9481.8515625
1125878400006249984,14.7508792877197,357.340850830078,-405.243316650391,-0.0951625630259514,7125.0830078125,2752.2451171875,-9643.19140625
1125878400006380032,-8.60467910766602,367.131011962891,-397.897521972656,-0.101302079856396,6702.30322265625,3210.95239257813,-9754.888671875
1125878400006509952,-29.5017585754395,381.816253662109,-391.776000976563,-0.104371838271618,6329.26220703125,3682.0576171875,-9854.1748046875
1125878400006640000,-47.940357208252,391.606414794922,-385.654510498047,-0.110511362552643,5943.78662109375,4091.17504882813,-9916.2294921875
1125878400006770048,-67.6082000732422,398.949035644531,-378.308715820313,-0.116650879383087,5533.44140625,4525.08740234375,-9941.05078125
1125878400006900992,-86.0467987060547,407.515411376953,-370.962921142578,-0.11972064524889,5085.79248046875,4971.3974609375,-9941.05078125
1125878400007031040,-103.256156921387,414.858032226563,-359.944213867188,-0.122790403664112,4625.70849609375,5380.51513671875,-9916.2294921875
1125878400007160960,-120.465515136719,422.200653076172,-352.598419189453,-0.128929927945137,4178.05908203125,5777.23486328125,-9916.2294921875
1125878400007291008,-135.216400146484,427.095733642578,-342.804016113281,-0.125860154628754,3668.23657226563,6124.365234375,-9841.7646484375
1125878400007421056,-151.196517944336,434.438354492188,-331.785308837891,-0.11972064524889,3170.84838867188,6446.7001953125,-9804.5322265625
1125878400007552000,-163.488906860352,438.109680175781,-318.317993164063,-0.107441604137421,2648.59106445313,6719.44482421875,-9717.65625
1125878400007682048,-173.322830200195,441.780975341797,-303.626403808594,-0.0859532803297043,2113.89892578125,6992.18994140625,-9605.958984375
1125878400007811968,-185.615234375,447.899841308594,-290.159118652344,-0.0583254396915436,1554.33752441406,7302.12744140625,-9481.8515625
1125878400007942016,-195.449157714844,455.242462158203,-271.794616699219,-0.0214883200824261,1044.51477050781,7537.68017578125,-9370.154296875
1125878400008071936,-204.053833007813,462.585083007813,-253.430099487305,0.0184185598045588,509.822692871094,7785.6298828125,-9183.9921875
1125878400008203008,-210.20002746582,468.703918457031,-235.065612792969,0.061395201832056,12.434700012207,7996.3876953125,-8985.4189453125
1125878400008333056,-217.575469970703,472.375213623047,-214.252502441406,0.104371838271618,-497.388000488281,8244.337890625,-8749.6142578125
1125878400008462976,-224.950912475586,477.270294189453,-192.215103149414,0.153487995266914,-957.471923828125,8467.4921875,-8488.9873046875
1125878400008593024,-234.78483581543,483.38916015625,-170.177703857422,0.199534401297569,-1417.55578613281,8727.83984375,-8203.5390625
1125878400008722944,-244.618743896484,487.060455322266,-148.14030456543,0.23944129049778,-1840.33557128906,8975.7900390625,-7856.03662109375
1125878400008854016,-255.681915283203,488.284240722656,-126.102905273438,0.270138889551163,-2238.24609375,9174.150390625,-7496.123046875
1125878400008984064,-267.974304199219,488.284240722656,-104.065505981445,0.288557440042496,-2636.15649414063,9384.9072265625,-7123.79931640625
1125878400009113984,-281.495941162109,484.612915039063,-82.0280990600586,0.303906232118607,-3021.63208007813,9533.677734375,-6714.24267578125
1125878400009244032,-296.246826171875,482.165374755859,-61.2150001525879,0.313115537166595,-3431.97729492188,9682.447265625,-6341.9189453125
1125878400009374976,-312.226959228516,478.494079589844,-40.4019012451172,0.31925505399704,-3854.75708007813,9732.037109375,-5957.18408203125
1125878400009505024,-325.748596191406,478.494079589844,-19.5888004302979,0.328464329242706,-4302.40625,9744.4345703125,-5584.85986328125
1125878400009634944,-339.270233154297,473.598999023438,1.22430002689362,0.337673604488373,-4762.490234375,9744.4345703125,-5175.3037109375
1125878400009764992,-351.562622070313,467.480163574219,25.7103004455566,0.353022396564484,-5185.27001953125,9732.037109375,-4740.92578125
1125878400009895040,-365.084259033203,461.361297607422,50.1963005065918,0.36223167181015,-5595.615234375,9719.6396484375,-4318.95849609375
1125878400010025984,-376.147430419922,454.018676757813,72.2337036132813,0.374510735273361,-5981.0908203125,9707.2421875,-3847.34790039063
1125878400010156032,-384.752105712891,443.004760742188,94.2711029052734,0.380650252103806,-6304.39306640625,9657.65234375,-3363.32690429688
1125878400010285952,-393.356781005859,431.990814208984,113.859901428223,0.380650252103806,-6677.43408203125,9608.0625,-2854.48388671875
1125878400010416000,-398.273742675781,417.305572509766,132.224395751953,0.374510735273361,-7000.736328125,9521.2802734375,-2333.23046875
1125878400010546048,-404.419952392578,398.949035644531,153.037506103516,0.368371218442917,-7311.603515625,9422.099609375,-1787.15515136719
1125878400010676992,-409.3369140625,380.592468261719,168.953399658203,0.353022396564484,-7622.47119140625,9310.5224609375,-1253.49084472656
1125878400010807040,-411.795379638672,361.012145996094,182.420700073242,0.331534087657928,-7896.03466796875,9124.5595703125,-744.648010253906
1125878400010936960,-411.795379638672,342.655609130859,197.1123046875,0.316185295581818,-8206.90234375,8839.41796875,-285.448394775391
1125878400011067008,-409.3369140625,324.299041748047,206.906707763672,0.303906232118607,-8517.76953125,8591.4677734375,210.983596801758
1125878400011197056,-404.419952392578,302.271209716797,219.149703979492,0.29469695687294,-8778.8984375,8343.517578125,695.004821777344
1125878400011328000,-400.732208251953,283.914642333984,228.944107055664,0.282417923212051,-9052.4619140625,8083.169921875,1203.84765625
1125878400011458048,-394.586029052734,264.334320068359,238.738510131836,0.276278406381607,-9251.4169921875,7773.232421875,1712.6904296875
1125878400011587968,-387.210571289063,247.201538085938,246.08430480957,0.270138889551163,-9413.068359375,7475.6923828125,2147.068359375
1125878400011718016,-378.605895996094,228.845001220703,254.654403686523,0.260929614305496,-9574.71875,7165.7548828125,2643.50048828125
1125878400011847936,-372.459716796875,208.040908813477,263.224517822266,0.251720309257507,-9649.3271484375,6855.8173828125,3102.69995117188
1125878400011979008,-363.855010986328,187.23681640625,270.5703125,0.236371517181396,-9723.935546875,6558.27734375,3586.72119140625
1125878400012109056,-357.708831787109,163.98518371582,279.140411376953,0.214883208274841,-9773.673828125,6248.33984375,4033.51000976563
1125878400012238976,-351.562622070313,141.957321166992,287.710510253906,0.190325126051903,-9810.978515625,5950.7998046875,4467.88818359375
1125878400012369024,-344.187194824219,116.258155822754,293.832000732422,0.165767043828964,-9823.4130859375,5578.875,4877.4443359375
1125878400012499968,-336.811737060547,88.111442565918,302.402099609375,0.135069444775581,-9835.84765625,5182.15478515625,5287.0009765625
1125878400012630016,-326.977813720703,56.2934226989746,314.645111083984,0.110511362552643,-9835.84765625,4760.64013671875,5671.7353515625
1125878400012760064,-315.914672851563,24.4754009246826,325.663818359375,0.0859532803297043,-9823.4130859375,4376.3173828125,6031.64892578125
1125878400012889984,-303.622253417969,-8.56639003753662,336.682495117188,0.0644649639725685,-9748.8046875,3942.40502929688,6379.1513671875
1125878400013020032,-288.871398925781,-42.8319511413574,347.701202392578,0.03990688174963,-9699.06640625,3496.09497070313,6677.01025390625
1125878400013150976,-272.891265869141,-78.3212814331055,357.49560546875,0.0214883200824261,-9624.4580078125,3000.19506835938,7012.10205078125
1125878400013281024,-254.452667236328,-111.363075256348,368.514312744141,0.0122790401801467,-9512.5458984375,2491.8974609375,7297.55029296875
1125878400013410944,-232.326354980469,-146.852401733398,379.533020019531,0.00306976004503667,-9413.068359375,1946.40747070313,7558.17724609375
1125878400013540992,-211.429275512695,-179.894195556641,389.327423095703,0.00306976004503667,-9313.58984375,1400.91748046875,7806.39306640625
1125878400013671040,-186.844467163086,-209.264678955078,397.897521972656,0.015348800458014,-9164.3740234375,830.632507324219,8004.9658203125
1125878400013801984,-159.801193237305,-233.740081787109,406.467620849609,0.0368371196091175,-8990.2880859375,223.154998779297,8215.94921875
1125878400013932032,-131.528671264648,-259.439239501953,411.364807128906,0.0644649639725685,-8778.8984375,-347.130004882813,8414.5224609375
1125878400014061952,-103.256156921387,-277.795806884766,416.262023925781,0.0982323214411736,-8555.0732421875,-917.414978027344,8662.73828125
1125878400014192000,-76.2128753662109,-294.928588867188,421.159210205078,0.135069444775581,-8269.0751953125,-1425.71252441406,8886.1328125
1125878400014322048,-49.1695976257324,-310.837585449219,423.607818603516,0.165767043828964,-7908.46923828125,-1921.61254882813,9109.52734375
1125878400014452992,-24.5847988128662,-323.075286865234,419.934906005859,0.190325126051903,-7547.86279296875,-2367.92260742188,9357.7431640625
1125878400014583040,-1.22923994064331,-335.31298828125,415.037719726563,0.202604159712791,-7100.2138671875,-2789.4375,9581.1376953125
1125878400014712960,18.4385986328125,-347.550689697266,407.69189453125,0.205673918128014,-6640.1298828125,-3210.95239257813,9754.888671875
1125878400014843008,36.877197265625,-358.564605712891,401.570404052734,0.205673918128014,-6229.78466796875,-3632.46752929688,9878.9970703125
1125878400014973056,50.3988380432129,-367.131011962891,393.000305175781,0.196464642882347,-5831.87451171875,-4053.982421875,9941.05078125
1125878400015104000,65.1497192382813,-374.4736328125,385.654510498047,0.190325126051903,-5433.9638671875,-4500.29248046875,9928.6396484375
1125878400015234048,78.6713562011719,-381.816253662109,377.084411621094,0.190325126051903,-4986.31494140625,-4946.6025390625,9903.818359375
1125878400015363968,93.422233581543,-390.382629394531,367.290008544922,0.187255367636681,-4563.53466796875,-5355.72021484375,9878.9970703125
1125878400015494016,108.173110961914,-397.725250244141,359.944213867188,0.181115835905075,-4115.8857421875,-5740.04248046875,9878.9970703125
1125878400015624960,122.92399597168,-406.291656494141,351.374114990234,0.171906560659409,-3618.49780273438,-6074.77490234375,9804.5322265625
1125878400015755008,133.987152099609,-413.63427734375,340.355407714844,0.162697285413742,-3133.54443359375,-6372.31494140625,9754.888671875
1125878400015885056,146.279556274414,-419.753112792969,328.112396240234,0.141208961606026,-2636.15649414063,-6657.45751953125,9692.8349609375
1125878400016014976,159.801193237305,-429.543273925781,314.645111083984,0.110511362552643,-2126.33374023438,-6930.20263671875,9568.7265625
1125878400016145024,172.093597412109,-438.109680175781,297.504913330078,0.0798137634992599,-1591.6416015625,-7240.14013671875,9444.619140625
1125878400016275968,186.844467163086,-449.123596191406,280.364715576172,0.0491161607205868,-1131.55773925781,-7488.08984375,9308.099609375
1125878400016406016,197.907623291016,-460.137542724609,262.000213623047,0.00920927990227938,-634.169677734375,-7711.2451171875,9134.3486328125
1125878400016536064,210.20002746582,-468.703918457031,243.635711669922,-0.0337673611938953,-136.781707763672,-7971.59228515625,8923.365234375
1125878400016665984,224.950912475586,-476.046539306641,220.374008178711,-0.0767439976334572,360.606292724609,-8244.337890625,8699.970703125
1125878400016796032,237.243301391602,-484.612915039063,197.1123046875,-0.11972064524889,820.690185546875,-8455.0947265625,8451.7548828125
1125878400016926976,251.994186401367,-490.731781005859,172.62629699707,-0.15962752699852,1293.20874023438,-8703.044921875,8166.30615234375
1125878400017057024,266.745056152344,-498.074401855469,149.364608764648,-0.196464642882347,1740.85803222656,-8938.59765625,7831.21484375
1125878400017186944,281.495941162109,-500.521942138672,124.878601074219,-0.230232000350952,2151.203125,-9149.35546875,7483.71240234375
1125878400017316992,296.246826171875,-501.745697021484,100.392601013184,-0.254790097475052,2586.41748046875,-9360.1123046875,7123.79931640625
1125878400017447040,312.226959228516,-500.521942138672,77.1309051513672,-0.273208647966385,3009.19750976563,-9496.4853515625,6701.83203125
1125878400017577984,328.207061767578,-499.298156738281,53.8692016601563,-0.285487681627274,3444.41186523438,-9645.2548828125,6329.5078125
1125878400017708032,341.728698730469,-495.626861572266,31.8318004608154,-0.300836473703384,3892.06103515625,-9732.037109375,5944.77294921875
1125878400017837952,354.021118164063,-493.179321289063,12.2430000305176,-0.316185295581818,4339.71044921875,-9769.23046875,5572.44921875
1125878400017968000,363.855010986328,-487.060455322266,-8.57009983062744,-0.328464329242706,4812.22900390625,-9756.8330078125,5138.0712890625
1125878400018098048,372.459716796875,-480.941619873047,-33.0560989379883,-0.349952638149261,5259.8779296875,-9744.4345703125,4703.693359375
1125878400018228992,381.064392089844,-472.375213623047,-57.5421028137207,-0.365301460027695,5682.65771484375,-9744.4345703125,4281.72607421875
1125878400018359040,388.439819335938,-462.585083007813,-78.3552017211914,-0.380650252103806,6080.568359375,-9719.6396484375,3810.11547851563
1125878400018488960,392.127532958984,-451.571136474609,-99.1683044433594,-0.389859527349472,6416.30517578125,-9682.447265625,3313.68359375
1125878400018619008,394.586029052734,-435.662139892578,-118.757102966309,-0.392929285764694,6764.4765625,-9620.4599609375,2767.6083984375
1125878400018749952,397.044494628906,-420.976898193359,-135.897308349609,-0.399068802595139,7112.6484375,-9484.087890625,2271.17651367188
1125878400018880000,397.044494628906,-405.06787109375,-155.486099243164,-0.402138561010361,7460.81982421875,-9310.5224609375,1762.33361816406
1125878400019010048,398.273742675781,-390.382629394531,-170.177703857422,-0.402138561010361,7784.1220703125,-9136.9580078125,1265.90161132813
1125878400019139968,398.273742675781,-376.921173095703,-184.86930847168,-0.408278077840805,8082.55517578125,-8938.59765625,769.469604492188
1125878400019270016,393.356781005859,-361.012145996094,-195.888000488281,-0.405208319425583,8318.814453125,-8740.2373046875,297.859191894531
1125878400019400960,390.898315429688,-345.103149414063,-208.131011962891,-0.405208319425583,8567.5087890625,-8492.287109375,-235.805206298828
1125878400019531008,384.752105712891,-329.194122314453,-217.925399780273,-0.399068802595139,8791.3330078125,-8256.7353515625,-744.648010253906
1125878400019661056,381.064392089844,-313.285125732422,-225.271209716797,-0.392929285764694,9015.1572265625,-8021.1826171875,-1265.90161132813
1125878400019790976,376.147430419922,-298.599884033203,-233.84130859375,-0.383720010519028,9201.677734375,-7723.642578125,-1787.15515136719
1125878400019921024,371.23046875,-281.467102050781,-239.962799072266,-0.374510735273361,9338.4599609375,-7450.8974609375,-2246.35473632813
1125878400020051968,366.313507080078,-264.334320068359,-246.08430480957,-0.365301460027695,9500.1103515625,-7140.9599609375,-2730.3759765625
1125878400020182016,360.167297363281,-247.201538085938,-254.654403686523,-0.346882879734039,9587.1533203125,-6831.0224609375,-3189.57568359375
1125878400020312064,355.250335693359,-228.845001220703,-262.000213623047,-0.334603846073151,9674.1962890625,-6533.482421875,-3648.77514648438
1125878400020441984,350.333374023438,-209.264678955078,-269.346008300781,-0.313115537166595,9736.3701171875,-6198.75,-4070.74243164063
1125878400020572032,346.645660400391,-190.908126831055,-276.691802978516,-0.291627198457718,9798.5439453125,-5888.8125,-4467.88818359375
1125878400020702976,340.499450683594,-166.432723999023,-285.261901855469,-0.273208647966385,9810.978515625,-5529.28515625,-4914.6767578125
1125878400020833024,335.582489013672,-139.509780883789,-296.280609130859,-0.248650565743446,9786.109375,-5169.75732421875,-5311.822265625
1125878400020962944,325.748596191406,-107.691764831543,-307.29931640625,-0.221022725105286,9773.673828125,-4773.03759765625,-5708.9677734375
1125878400021092992,317.143890380859,-75.8737411499023,-320.7666015625,-0.193394884467125,9748.8046875,-4401.1123046875,-6081.2919921875
1125878400021223040,304.851501464844,-41.6081809997559,-331.785308837891,-0.165767043828964,9686.630859375,-3979.59741210938,-6416.3837890625
1125878400021353984,291.329864501953,-4.89508008956909,-344.0283203125,-0.138139203190804,9649.3271484375,-3570.47998046875,-6726.65380859375
1125878400021484032,276.578979492188,34.2655601501465,-357.49560546875,-0.113581120967865,9562.2841796875,-3111.7724609375,-7061.7451171875
1125878400021613952,256.9111328125,74.6499710083008,-368.514312744141,-0.0920928046107292,9425.5029296875,-2677.86010742188,-7384.42578125
1125878400021744000,234.78483581543,117.481918334961,-378.308715820313,-0.0644649639725685,9326.025390625,-2169.5625,-7694.69580078125
1125878400021874944,213.887756347656,157.866333007813,-390.551696777344,-0.0491161607205868,9201.677734375,-1661.26501464844,-7942.912109375
1125878400022004992,188.073715209961,198.250747680664,-399.121795654297,-0.0337673611938953,9052.4619140625,-1165.36499023438,-8178.71728515625
1125878400022135040,159.801193237305,236.187606811523,-406.467620849609,-0.0276278406381607,8853.5068359375,-607.477478027344,-8414.5224609375
1125878400022264960,131.528671264648,272.900726318359,-411.364807128906,-0.0245580803602934,8654.55078125,-49.5900001525879,-8625.505859375
1125878400022395008,100.797676086426,305.942504882813,-417.486297607422,-0.030697600916028,8405.857421875,495.899993896484,-8861.3115234375
1125878400022525952,72.5251541137695,337.760528564453,-422.383514404297,-0.0368371196091175,8144.728515625,1041.39001464844,-9072.294921875
1125878400022656000,44.2526397705078,365.9072265625,-424.832122802734,-0.0460464023053646,7821.42626953125,1586.88000488281,-9246.0458984375
1125878400022786048,15.9801197052002,390.382629394531,-424.832122802734,-0.0460464023053646,7498.1240234375,2095.17749023438,-9432.2080078125
1125878400022915968,-8.60467910766602,408.739196777344,-422.383514404297,-0.0583254396915436,7075.34423828125,2628.27001953125,-9593.548828125
1125878400023046016,-34.4187164306641,424.648193359375,-418.710601806641,-0.061395201832056,6702.30322265625,3124.169921875,-9717.65625
1125878400023176960,-54.086555480957,439.333435058594,-412.589111328125,-0.0675347223877907,6329.26220703125,3632.46752929688,-9829.353515625
1125878400023307008,-71.2959136962891,450.347381591797,-407.69189453125,-0.0706044808030128,5931.35205078125,4115.97021484375,-9891.4072265625
1125878400023437056,-87.2760391235352,454.018676757813,-400.346099853516,-0.0798137634992599,5508.572265625,4599.47265625,-9916.2294921875
1125878400023566976,-102.026916503906,457.690002441406,-390.551696777344,-0.0890230387449265,5048.48828125,5082.97509765625,-9916.2294921875
1125878400023697024,-115.548553466797,457.690002441406,-380.757293701172,-0.101302079856396,4588.404296875,5516.8876953125,-9928.6396484375
1125878400023827968,-130.299438476563,458.913757324219,-369.738616943359,-0.104371838271618,4128.3203125,5938.40234375,-9903.818359375
1125878400023958016,-142.591827392578,455.242462158203,-358.719909667969,-0.110511362552643,3630.93237304688,6285.53271484375,-9841.7646484375
1125878400024088064,-152.425750732422,452.794921875,-345.252593994141,-0.110511362552643,3121.10961914063,6607.86767578125,-9792.12109375
1125878400024217984,-161.030426025391,450.347381591797,-331.785308837891,-0.101302079856396,2611.287109375,6905.40771484375,-9717.65625
1125878400024348032,-168.405868530273,446.676055908203,-314.645111083984,-0.0859532803297043,2051.7255859375,7165.7548828125,-9605.958984375
1125878400024478976,-177.010559082031,447.899841308594,-297.504913330078,-0.0644649639725685,1504.59875488281,7426.1025390625,-9494.26171875
1125878400024609024,-181.927505493164,449.123596191406,-281.589019775391,-0.030697600916028,994.776000976563,7649.25732421875,-9357.7431640625
1125878400024738944,-188.073715209961,451.571136474609,-262.000213623047,0.00613952009007335,484.953308105469,7860.01513671875,-9196.40234375
1125878400024868992,-192.990676879883,455.242462158203,-242.411407470703,0.0521859191358089,-12.434700012207,8045.9775390625,-8997.830078125
1125878400024999936,-200.366104125977,457.690002441406,-221.59831237793,0.101302079856396,-509.822692871094,8256.7353515625,-8774.435546875
1125878400025129984,-206.512313842773,461.361297607422,-197.1123046875,0.144278720021248,-982.34130859375,8467.4921875,-8526.2197265625
1125878400025260032,-216.346221923828,467.480163574219,-175.074905395508,0.193394884467125,-1417.55578613281,8715.4423828125,-8228.3603515625
1125878400025389952,-228.638626098633,472.375213623047,-151.813201904297,0.236371517181396,-1827.90087890625,8913.802734375,-7893.2685546875
1125878400025520000,-240.931030273438,476.046539306641,-128.551498413086,0.270138889551163,-2213.37670898438,9136.9580078125,-7520.94482421875
1125878400025650944,-254.452667236328,478.494079589844,-105.28980255127,0.291627198457718,-2611.287109375,9335.3173828125,-7148.62060546875
1125878400025780992,-272.891265869141,477.270294189453,-80.8038024902344,0.306975990533829,-2996.7626953125,9496.4853515625,-6739.064453125
1125878400025911040,-288.871398925781,477.270294189453,-59.9906997680664,0.31925505399704,-3394.67309570313,9645.2548828125,-6354.32958984375
1125878400026040960,-308.539215087891,477.270294189453,-37.9533004760742,0.322324812412262,-3805.01831054688,9694.8447265625,-5969.5947265625
1125878400026171008,-325.748596191406,476.046539306641,-17.1401996612549,0.328464329242706,-4252.66748046875,9732.037109375,-5584.85986328125
1125878400026301952,-341.728698730469,473.598999023438,4.89720010757446,0.340743362903595,-4687.8818359375,9732.037109375,-5175.3037109375
1125878400026432000,-356.479583740234,469.927673339844,28.1589012145996,0.349952638149261,-5135.53125,9707.2421875,-4728.5146484375
1125878400026562048,-371.23046875,463.808837890625,52.6449012756348,0.36223167181015,-5545.8759765625,9707.2421875,-4318.95849609375
1125878400026691968,-384.752105712891,457.690002441406,74.6823043823242,0.374510735273361,-5968.65625,9682.447265625,-3847.34790039063
1125878400026822016,-395.815246582031,450.347381591797,96.7197036743164,0.380650252103806,-6316.82763671875,9533.677734375,-3375.73754882813
1125878400026952960,-405.649169921875,450.347381591797,116.308502197266,0.405208319425583,-6839.0849609375,9124.5595703125,-3028.23510742188
1125878400027083008,-411.795379638672,458.913757324219,138.345901489258,0.472743034362793,-7460.81982421875,8554.275390625,-2854.48388671875
1125878400027213056,-410.566131591797,474.82275390625,164.056198120117,0.577114880084991,-8020.38134765625,8157.55517578125,-2531.80322265625
1125878400027342976,-411.795379638672,496.850616455078,189.766510009766,0.699905276298523,-8380.98828125,7872.41259765625,-2085.01440429688
1125878400027473024,-411.795379638672,523.773559570313,209.35530090332,0.81655615568161,-8555.0732421875,7636.85986328125,-1439.65283203125
1125878400027603968,-414.253845214844,551.920288085938,221.59831237793,0.914788484573364,-8704.2900390625,7438.5,-781.88037109375
1125878400027734016,-414.253845214844,583.73828125,228.944107055664,1.00381147861481,-8890.810546875,7190.5498046875,-111.697196960449
1125878400027864064,-417.941589355469,616.780090332031,230.168411254883,1.07748579978943,-9027.591796875,6992.18994140625,508.842803955078
1125878400027993984,-424.087768554688,648.598083496094,227.719802856445,1.13888096809387,-9164.3740234375,6781.4326171875,1116.97204589844
1125878400028125056,-430.233978271484,681.639892578125,220.374008178711,1.18799710273743,-9288.720703125,6545.8798828125,1725.10119628906
1125878400028254976,-436.380187988281,715.905456542969,211.803909301758,1.23404347896576,-9413.068359375,6285.53271484375,2221.533203125
1125878400028385024,-441.297149658203,745.275939941406,200.785202026367,1.27088069915771,-9562.2841796875,6012.78759765625,2717.96508789063
1125878400028514944,-446.214111328125,774.646423339844,192.215103149414,1.30771780014038,-9649.3271484375,5715.24755859375,3139.93237304688
1125878400028644992,-451.131072998047,797.898071289063,186.093597412109,1.34148514270782,-9786.109375,5454.89990234375,3537.07788085938
1125878400028775936,-454.818786621094,819.925903320313,183.645004272461,1.37832224369049,-9860.716796875,5157.35986328125,3921.81274414063
1125878400028905984,-457.277252197266,837.058715820313,184.86930847168,1.41208958625793,-9922.890625,4946.6025390625,4281.72607421875
1125878400029036032,-459.735748291016,846.848876953125,188.542205810547,1.43357789516449,-9898.021484375,4686.2548828125,4666.4609375
1125878400029165952,-459.735748291016,844.401306152344,197.1123046875,1.45813596248627,-9885.5869140625,4438.30517578125,5051.19580078125
1125878400029296000,-458.506500244141,834.611145019531,210.579605102539,1.47348487377167,-9860.716796875,4153.16259765625,5435.93017578125
1125878400029426944,-456.048004150391,819.925903320313,226.495498657227,1.47962439060211,-9823.4130859375,3868.02001953125,5746.2001953125
1125878400029556992,-449.901824951172,796.674255371094,247.308609008789,1.48883366584778,-9786.109375,3508.49243164063,6031.64892578125
1125878400029687040,-440.067901611328,769.751342773438,269.346008300781,1.50111269950867,-9773.673828125,3148.96508789063,6279.86474609375
1125878400029816960,-425.317016601563,736.709533691406,292.607696533203,1.51646149158478,-9723.935546875,2752.2451171875,6590.134765625
1125878400029947008,-406.87841796875,699.996459960938,318.317993164063,1.52874052524567,-9636.892578125,2367.92260742188,6900.40478515625
1125878400030077952,-382.293609619141,654.716979980469,344.0283203125,1.54408931732178,-9537.4150390625,1971.20251464844,7223.08544921875
1125878400030208000,-357.708831787109,609.4375,368.514312744141,1.55329859256744,-9413.068359375,1574.48254394531,7545.7666015625
1125878400030338048,-328.207061767578,560.486694335938,388.103118896484,1.56250786781311,-9251.4169921875,1202.55749511719,7843.62548828125
1125878400030467968,-292.559112548828,509.088317871094,405.243316650391,1.55943810939789,-9040.02734375,781.04248046875,8166.30615234375
1125878400030598016,-251.994186401367,455.242462158203,419.934906005859,1.55943810939789,-8816.2021484375,359.527496337891,8464.166015625
1125878400030728960,-212.658508300781,398.949035644531,430.95361328125,1.547159075737,-8592.3779296875,-61.9874992370605,8786.8466796875
1125878400030859008,-170.864349365234,341.431823730469,437.075103759766,1.52567076683044,-8269.0751953125,-446.309997558594,9097.1162109375
1125878400030989056,-125.382476806641,282.690887451172,441.972320556641,1.49804294109344,-7896.03466796875,-830.632507324219,9370.154296875
1125878400031118976,-83.5883178710938,223.949920654297,440.748016357422,1.45199644565582,-7535.42822265625,-1202.55749511719,9643.19140625
1125878400031250048,-43.0233993530273,163.98518371582,438.299407958984,1.39674079418182,-7100.2138671875,-1574.48254394531,9854.1748046875
1125878400031379968,-4.91695976257324,101.572914123535,435.850799560547,1.32920610904694,-6640.1298828125,-1971.20251464844,9978.283203125
1125878400031510016,30.7309989929199,41.6081809997559,433.402221679688,1.26167142391205,-6242.21923828125,-2392.71752929688,10052.748046875
1125878400031640064,62.6912384033203,-22.0278606414795,430.95361328125,1.18185758590698,-5819.439453125,-2777.0400390625,10102.3916015625
1125878400031769984,92.1929931640625,-80.7688217163086,432.177917480469,1.10818338394165,-5334.486328125,-3148.96508789063,10127.212890625
1125878400031901056,118.007034301758,-143.181091308594,433.402221679688,1.01609063148499,-4799.79443359375,-3520.88989257813,10139.6240234375
1125878400032030976,142.591827392578,-208.040908813477,435.850799560547,0.923997759819031,-4265.10205078125,-3843.22509765625,10139.6240234375
1125878400032161024,164.718154907227,-275.348266601563,438.299407958984,0.81655615568161,-3705.54052734375,-4140.76513671875,10164.4453125
1125878400032290944,180.698272705078,-342.655609130859,441.972320556641,0.693765759468079,-3108.67504882813,-4438.30517578125,10114.8017578125
1125878400032420992,192.990676879883,-406.291656494141,444.4208984375,0.567905604839325,-2611.287109375,-4859.81982421875,10027.9267578125
1125878400032551936,202.824584960938,-466.256378173828,445.645202636719,0.448184967041016,-2101.46435546875,-5244.142578125,9916.2294921875
1125878400032681984,208.970794677734,-520.102233886719,445.645202636719,0.325394570827484,-1628.94567871094,-5653.26025390625,9779.7099609375
1125878400032812032,217.575469970703,-571.500610351563,439.523712158203,0.208743676543236,-1119.123046875,-6111.96728515625,9630.78125
1125878400032941952,224.950912475586,-615.556335449219,433.402221679688,0.101302079856396,-708.777893066406,-6595.47021484375,9457.029296875
1125878400033072000,229.867874145508,-651.045654296875,423.607818603516,0.00613952009007335,-273.563415527344,-7078.97265625,9270.8671875
1125878400033202944,236.014068603516,-674.297302246094,407.69189453125,-0.0767439976334572,136.781707763672,-7550.07763671875,9035.0625
1125878400033332992,243.389511108398,-690.206298828125,386.878814697266,-0.150418236851692,559.5615234375,-7983.990234375,8811.66796875
1125878400033463040,250.764953613281,-695.101379394531,359.944213867188,-0.211813449859619,969.906616210938,-8430.2998046875,8588.2734375
1125878400033592960,260.598876953125,-693.877624511719,328.112396240234,-0.260929614305496,1405.12109375,-8839.41796875,8340.0576171875
1125878400033723008,270.432800292969,-686.534973144531,291.383392333984,-0.303906232118607,1840.33557128906,-9174.150390625,8067.02001953125
1125878400033853952,280.266693115234,-673.073486328125,254.654403686523,-0.340743362903595,2250.6806640625,-9409.7021484375,7781.57177734375
1125878400033984000,292.559112548828,-657.164489746094,211.803909301758,-0.371440976858139,2710.7646484375,-9608.0625,7471.3017578125
1125878400034114048,303.622253417969,-636.360412597656,168.953399658203,-0.405208319425583,3170.84838867188,-9719.6396484375,7123.79931640625
1125878400034243968,313.456176757813,-618.003845214844,128.551498413086,-0.438975691795349,3630.93237304688,-9806.4228515625,6788.70751953125
1125878400034375040,324.519348144531,-602.094848632813,85.7010040283203,-0.475812792778015,4091.01635742188,-9818.8203125,6428.79443359375
1125878400034504960,334.353271484375,-588.633361816406,46.5233993530273,-0.51878947019577,4501.361328125,-9682.447265625,6006.8271484375
1125878400034635008,342.957946777344,-588.633361816406,7.34580039978027,-0.592463672161102,5185.27001953125,-9149.35546875,5833.076171875
1125878400034765056,351.562622070313,-604.542419433594,-33.0560989379883,-0.7244633436203,5981.0908203125,-8616.2626953125,5746.2001953125
1125878400034894976,355.250335693359,-627.794006347656,-79.5794982910156,-0.896369934082031,6615.26025390625,-8269.1328125,5535.216796875
1125878400035026048,355.250335693359,-662.0595703125,-124.878601074219,-1.08976483345032,7075.34423828125,-8070.7724609375,5063.6064453125
1125878400035155968,355.250335693359,-697.548889160156,-162.831909179688,-1.27088069915771,7261.86474609375,-8008.78515625,4356.19091796875
1125878400035286016,360.167297363281,-734.262023925781,-194.663711547852,-1.44278717041016,7435.95068359375,-7959.19482421875,3561.89965820313
1125878400035416064,365.084259033203,-773.422668457031,-213.028198242188,-1.56557762622833,7572.732421875,-7934.39990234375,2792.42993164063
1125878400035545984,374.918182373047,-812.583312988281,-221.59831237793,-1.66074013710022,7697.0791015625,-7872.41259765625,2010.54956054688
1125878400035677056,387.210571289063,-852.967712402344,-222.822601318359,-1.73441445827484,7846.2958984375,-7773.232421875,1290.72314453125
1125878400035806976,401.961456298828,-897.0234375,-216.701110839844,-1.78967010974884,8057.685546875,-7562.47509765625,645.361572265625
1125878400035937024,415.483093261719,-944.750427246094,-202.009506225586,-1.83571648597717,8269.0751953125,-7351.71728515625,37.2323989868164
1125878400036066944,427.775512695313,-988.80615234375,-187.317901611328,-1.87255358695984,8530.2041015625,-7116.1650390625,-521.253601074219
1125878400036196992,437.609405517578,-1032.86193847656,-166.504806518555,-1.91553032398224,8778.8984375,-6855.8173828125,-1054.91796875
1125878400036327936,444.98486328125,-1079.36511230469,-145.691696166992,-1.95850694179535,9052.4619140625,-6607.86767578125,-1538.93920898438
1125878400036457984,449.901824951172,-1123.4208984375,-124.878601074219,-2.00455331802368,9288.720703125,-6347.52001953125,-1973.31713867188
1125878400036588032,453.589538574219,-1162.58154296875,-106.514099121094,-2.04752993583679,9487.67578125,-6124.365234375,-2382.87353515625
1125878400036717952,454.818786621094,-1200.51843261719,-90.5982055664063,-2.10278558731079,9674.1962890625,-5876.4150390625,-2817.25170898438
1125878400036848000,453.589538574219,-1228.66516113281,-82.0280990600586,-2.1457622051239,9748.8046875,-5690.45263671875,-3189.57568359375
1125878400036978944,453.589538574219,-1248.24548339844,-77.1309051513672,-2.17952966690063,9798.5439453125,-5541.6826171875,-3599.13208007813
1125878400037108992,457.277252197266,-1259.25939941406,-78.3552017211914,-2.20715737342834,9823.4130859375,-5355.72021484375,-3959.04516601563
1125878400037239040,459.735748291016,-1262.9306640625,-86.9253005981445,-2.22864580154419,9848.2822265625,-5157.35986328125,-4244.49365234375
1125878400037368960,462.194213867188,-1259.25939941406,-100.392601013184,-2.24706435203552,9898.021484375,-4872.21728515625,-4529.94189453125
1125878400037500032,459.735748291016,-1243.35034179688,-123.654304504395,-2.26855278015137,9910.4560546875,-4599.47265625,-4790.56884765625
1125878400037629952,457.277252197266,-1221.32250976563,-154.261810302734,-2.29618048667908,9947.759765625,-4301.9326171875,-5063.6064453125
1125878400037760000,453.589538574219,-1193.17578125,-188.542205810547,-2.31766891479492,9922.890625,-4029.1875,-5373.87646484375
1125878400037890048,446.214111328125,-1156.46264648438,-226.495498657227,-2.3422269821167,9848.2822265625,-3694.455078125,-5684.146484375
1125878400038019968,435.150939941406,-1114.8544921875,-265.673095703125,-2.36064553260803,9798.5439453125,-3384.517578125,-5994.41650390625
1125878400038151040,421.629302978516,-1068.35119628906,-307.29931640625,-2.38520359992981,9699.06640625,-2987.79760742188,-6354.32958984375
1125878400038280960,404.419952392578,-1016.95288085938,-346.476898193359,-2.39441275596619,9587.1533203125,-2615.87255859375,-6701.83203125
1125878400038411008,383.522857666016,-959.435668945313,-384.430206298828,-2.40362215042114,9475.2412109375,-2194.357421875,-7074.15576171875
1125878400038541056,358.938049316406,-903.142272949219,-418.710601806641,-2.40976166725159,9363.3291015625,-1785.23999023438,-7434.0693359375
1125878400038670976,329.436309814453,-843.177551269531,-446.869506835938,-2.40362215042114,9201.677734375,-1388.52001953125,-7781.57177734375
1125878400038802048,296.246826171875,-785.660339355469,-470.131225585938,-2.3974826335907,8990.2880859375,-954.607482910156,-8166.30615234375
1125878400038931968,256.9111328125,-723.248107910156,-486.047119140625,-2.38520359992981,8754.029296875,-545.489990234375,-8526.2197265625
1125878400039062016,217.575469970703,-663.283325195313,-495.841522216797,-2.35757565498352,8480.4658203125,-136.372497558594,-8910.9541015625
1125878400039192064,174.55207824707,-598.423522949219,-501.963012695313,-2.31459903717041,8144.728515625,247.949996948242,-9308.099609375
1125878400039321984,132.757919311523,-536.011291503906,-500.738708496094,-2.25627374649048,7771.6875,644.669982910156,-9618.3701171875
1125878400039453056,93.422233581543,-472.375213623047,-492.168609619141,-2.18259930610657,7361.34228515625,1004.19750976563,-9916.2294921875
1125878400039582976,55.3157958984375,-408.739196777344,-486.047119140625,-2.09664607048035,6901.25830078125,1400.91748046875,-10127.212890625
1125878400039713024,18.4385986328125,-345.103149414063,-476.252716064453,-2.00148344039917,6466.0439453125,1822.43249511719,-10238.91015625
1125878400039842944,-12.2923994064331,-282.690887451172,-470.131225585938,-1.91246056556702,6043.26416015625,2256.34497070313,-10288.552734375
1125878400039972992,-40.5649185180664,-221.502380371094,-466.458312988281,-1.81422817707062,5595.615234375,2628.27001953125,-10313.375
1125878400040103936,-63.9204788208008,-159.090103149414,-466.458312988281,-1.70985639095306,5073.357421875,2987.79760742188,-10325.78515625
1125878400040233984,-82.3590774536133,-93.0065231323242,-465.234008789063,-1.59320545196533,4476.4921875,3334.92749023438,-10338.1962890625
1125878400040364032,-95.8807144165039,-26.9229412078857,-468.906921386719,-1.46120584011078,3879.62646484375,3632.46752929688,-10338.1962890625
1125878400040493952,-103.256156921387,40.3844108581543,-471.355499267578,-1.32306659221649,3282.7607421875,3917.61010742188,-10363.017578125
1125878400040625024,-105.714637756348,110.139305114746,-476.252716064453,-1.16343903541565,2636.15649414063,4190.35498046875,-10325.78515625
1125878400040754944,-102.026916503906,179.894195556641,-479.925598144531,-0.991532504558563,2076.59497070313,4450.70263671875,-10288.552734375
1125878400040884992,-95.8807144165039,249.649078369141,-486.047119140625,-0.807346880435944,1479.72924804688,4673.857421875,-10214.0888671875
1125878400041015040,-87.2760391235352,323.075286865234,-488.495697021484,-0.607812464237213,907.733093261719,4909.41015625,-10152.0341796875
1125878400041144960,-78.6713562011719,395.277709960938,-489.720001220703,-0.414417594671249,472.518615722656,5330.9248046875,-9953.4619140625
1125878400041276032,-73.75439453125,462.585083007813,-490.944305419922,-0.233301758766174,136.781707763672,5789.63232421875,-9730.0673828125
1125878400041405952,-72.5251541137695,524.997314453125,-487.271423339844,-0.0675347223877907,-198.955200195313,6235.9423828125,-9531.494140625
1125878400041536000,-74.9836349487305,581.290771484375,-478.701324462891,0.0798137634992599,-460.083892822266,6694.64990234375,-9270.8671875
1125878400041666048,-86.0467987060547,627.794006347656,-464.009704589844,0.208743676543236,-746.08203125,7178.15234375,-9010.2412109375
1125878400041795968,-103.256156921387,664.507141113281,-439.523712158203,0.310045778751373,-994.776000976563,7649.25732421875,-8774.435546875
1125878400041927040,-126.611717224121,695.101379394531,-411.364807128906,0.389859527349472,-1293.20874023438,8157.55517578125,-8513.80859375
1125878400042056960,-157.342712402344,713.457946777344,-374.635803222656,0.45432448387146,-1579.20690917969,8603.865234375,-8253.181640625
1125878400042187008,-191.761428833008,724.471862792969,-331.785308837891,0.497301131486893,-1877.6396484375,8975.7900390625,-7942.912109375
1125878400042317056,-227.409393310547,726.919372558594,-285.261901855469,0.531068503856659,-2213.37670898438,9322.919921875,-7632.64208984375
1125878400042446976,-267.974304199219,720.800537109375,-233.84130859375,0.54641729593277,-2611.287109375,9595.6650390625,-7272.72900390625
1125878400042578048,-307.309997558594,712.234130859375,-177.523498535156,0.558696329593658,-3021.63208007813,9769.23046875,-6962.458984375
1125878400042707968,-345.416412353516,697.548889160156,-122.430000305176,0.570975363254547,-3506.58544921875,9843.615234375,-6614.95654296875
1125878400042838016,-379.835144042969,685.311218261719,-68.5607986450195,0.58939391374588,-4028.8427734375,9856.0126953125,-6267.4541015625
1125878400042968064,-408.107666015625,670.6259765625,-13.4673004150391,0.61702173948288,-4563.53466796875,9818.8203125,-5833.076171875
1125878400043097984,-432.692443847656,654.716979980469,37.9533004760742,0.647719383239746,-5085.79248046875,9806.4228515625,-5361.4658203125
1125878400043229056,-452.360290527344,636.360412597656,86.9253005981445,0.684556484222412,-5583.18017578125,9794.025390625,-4852.62255859375
1125878400043358976,-467.111175537109,618.003845214844,133.448699951172,0.712184309959412,-6030.82958984375,9794.025390625,-4306.54736328125
1125878400043489024,-474.486602783203,597.199768066406,168.953399658203,0.733672678470612,-6428.73974609375,9756.8330078125,-3735.65087890625
1125878400043618944,-478.174346923828,572.724365234375,202.009506225586,0.749021470546722,-6839.0849609375,9719.6396484375,-3115.11083984375
1125878400043750016,-474.486602783203,548.248962402344,227.719802856445,0.755160987377167,-7187.2568359375,9645.2548828125,-2469.74926757813
1125878400043879936,-469.569671630859,521.326049804688,247.308609008789,0.752091228961945,-7522.99365234375,9558.47265625,-1811.97680664063
1125878400044009984,-462.194213867188,495.626861572266,259.551605224609,0.733672678470612,-7808.99169921875,9446.8955078125,-1166.615234375
1125878400044140032,-452.360290527344,467.480163574219,268.121704101563,0.709114551544189,-8070.1201171875,9298.125,-546.0751953125
1125878400044269952,-440.067901611328,440.557220458984,266.897399902344,0.672277450561523,-8306.3798828125,9136.9580078125,49.6431999206543
1125878400044401024,-427.775512695313,413.63427734375,265.673095703125,0.626231074333191,-8542.638671875,8889.0078125,632.950805664063
1125878400044530944,-411.795379638672,385.487548828125,259.551605224609,0.583254396915436,-8778.8984375,8641.0576171875,1141.79357910156
1125878400044660992,-397.044494628906,358.564605712891,253.430099487305,0.537208020687103,-9040.02734375,8355.9150390625,1625.81481933594
1125878400044791040,-382.293609619141,332.865447998047,247.308609008789,0.497301131486893,-9251.4169921875,8033.580078125,2097.42529296875
1125878400044920960,-366.313507080078,309.613830566406,242.411407470703,0.463533759117126,-9450.3720703125,7674.052734375,2469.74926757813
1125878400045052032,-350.333374023438,287.585968017578,238.738510131836,0.438975691795349,-9649.3271484375,7314.52490234375,2891.71630859375
1125878400045181952,-334.353271484375,261.886779785156,238.738510131836,0.417487353086472,-9761.2392578125,6942.60009765625,3276.451171875
1125878400045312000,-319.602386474609,239.858917236328,241.187103271484,0.399068802595139,-9848.2822265625,6595.47021484375,3673.5966796875
1125878400045442048,-307.309997558594,216.607299804688,244.860000610352,0.38678976893425,-9910.4560546875,6248.33984375,4045.9208984375
1125878400045571968,-298.705291748047,192.131896972656,252.205810546875,0.371440976858139,-9947.759765625,5913.607421875,4418.24462890625
1125878400045703040,-286.412902832031,167.656494140625,262.000213623047,0.356092154979706,-9935.3251953125,5516.8876953125,4790.56884765625
1125878400045832960,-277.808227539063,139.509780883789,274.243194580078,0.343813121318817,-9922.890625,5095.37255859375,5150.48193359375
1125878400045963008,-269.203552246094,110.139305114746,291.383392333984,0.331534087657928,-9898.021484375,4673.857421875,5497.984375
1125878400046093056,-260.598876953125,79.545051574707,309.747894287109,0.31925505399704,-9860.716796875,4264.740234375,5833.076171875
1125878400046222976,-251.994186401367,47.7270317077637,328.112396240234,0.316185295581818,-9786.109375,3818.42993164063,6130.93505859375
1125878400046354048,-239.701782226563,15.9090099334717,346.476898193359,0.310045778751373,-9723.935546875,3359.72241210938,6428.79443359375
1125878400046483968,-228.638626098633,-15.9090099334717,368.514312744141,0.310045778751373,-9636.892578125,2839.02758789063,6739.064453125
1125878400046614016,-215.116989135742,-47.7270317077637,386.878814697266,0.31925505399704,-9524.98046875,2330.72998046875,7024.5126953125
1125878400046744064,-199.136871337891,-78.3212814331055,407.69189453125,0.328464329242706,-9413.068359375,1785.23999023438,7309.96142578125
1125878400046875008,-183.156753540039,-105.24422454834,424.832122802734,0.346882879734039,-9301.1552734375,1239.75,7582.9990234375
1125878400047005056,-163.488906860352,-132.16716003418,441.972320556641,0.371440976858139,-9151.939453125,681.862487792969,7806.39306640625
1125878400047134976,-142.591827392578,-154.195022583008,454.215301513672,0.405208319425583,-8940.548828125,111.577499389648,8067.02001953125
1125878400047265024,-119.236274719238,-172.551574707031,465.234008789063,0.442045450210571,-8704.2900390625,-421.515014648438,8327.646484375
1125878400047394944,-97.1099548339844,-189.684356689453,472.579803466797,0.469673275947571,-8443.1611328125,-929.8125,8650.3271484375
1125878400047526016,-74.9836349487305,-206.817138671875,477.477020263672,0.497301131486893,-8107.42431640625,-1388.52001953125,8948.1865234375
1125878400047655936,-55.3157958984375,-221.502380371094,477.477020263672,0.509580194950104,-7709.51416015625,-1810.03503417969,9233.634765625
1125878400047785984,-36.877197265625,-236.187606811523,473.804107666016,0.509580194950104,-7311.603515625,-2194.357421875,9519.083984375
1125878400047916032,-19.667839050293,-252.096618652344,466.458312988281,0.497301131486893,-6851.51953125,-2578.67993164063,9779.7099609375
1125878400048045952,-2.45847988128662,-266.781860351563,455.439605712891,0.466603517532349,-6391.43603515625,-2950.60498046875,9965.8720703125
1125878400048177024,9.83391952514648,-285.138427734375,444.4208984375,0.42669665813446,-5993.525390625,-3347.32495117188,10102.3916015625
1125878400048306944,22.1263198852539,-301.047424316406,432.177917480469,0.383720010519028,-5620.484375,-3744.044921875,10164.4453125
1125878400048436992,33.1894798278809,-318.180206298828,419.934906005859,0.343813121318817,-5247.443359375,-4153.16259765625,10139.6240234375
1125878400048567040,47.940357208252,-335.31298828125,410.140502929688,0.306975990533829,-4837.09814453125,-4574.677734375,10114.8017578125
1125878400048696960,62.6912384033203,-356.117065429688,399.121795654297,0.267069131135941,-4426.75341796875,-4971.3974609375,10077.5693359375
1125878400048828032,78.6713562011719,-376.921173095703,388.103118896484,0.230232000350952,-4003.97338867188,-5330.9248046875,10052.748046875
1125878400048957952,94.6514739990234,-397.725250244141,377.084411621094,0.190325126051903,-3519.02001953125,-5653.26025390625,9978.283203125
1125878400049088000,110.631591796875,-419.753112792969,366.065704345703,0.14734847843647,-3058.93627929688,-5975.59521484375,9916.2294921875
1125878400049218048,125.382476806641,-441.780975341797,352.598419189453,0.0982323214411736,-2573.98291015625,-6248.33984375,9829.353515625
1125878400049347968,143.821075439453,-462.585083007813,337.906799316406,0.0460464023053646,-2076.59497070313,-6558.27734375,9730.0673828125
1125878400049479040,159.801193237305,-485.836700439453,320.7666015625,-0.00920927990227938,-1566.77221679688,-6880.6123046875,9593.548828125
1125878400049608960,177.010559082031,-507.864562988281,303.626403808594,-0.0706044808030128,-1094.25366210938,-7165.7548828125,9444.619140625
1125878400049739008,192.990676879883,-528.668640136719,284.03759765625,-0.125860154628754,-609.30029296875,-7450.8974609375,9258.45703125
1125878400049869056,207.741546630859,-547.025207519531,263.224517822266,-0.187255367636681,-136.781707763672,-7736.0400390625,9022.6513671875
1125878400050000000,223.721664428711,-561.71044921875,238.738510131836,-0.242511048913002,360.606292724609,-8008.78515625,8774.435546875
1125878400050130048,239.701782226563,-575.171936035156,214.252502441406,-0.297766715288162,820.690185546875,-8281.5302734375,8526.2197265625
1125878400050259968,256.9111328125,-587.409606933594,189.766510009766,-0.349952638149261,1318.07824707031,-8566.6728515625,8228.3603515625
1125878400050390016,270.432800292969,-595.976013183594,165.280502319336,-0.392929285764694,1753.29272460938,-8827.0205078125,7905.6796875
1125878400050520064,285.183654785156,-602.094848632813,138.345901489258,-0.435905933380127,2188.50732421875,-9050.1748046875,7545.7666015625
1125878400050651008,299.934539794922,-605.766174316406,115.084205627441,-0.469673275947571,2636.15649414063,-9260.9326171875,7185.85302734375
1125878400050781056,313.456176757813,-604.542419433594,90.5982055664063,-0.500370860099792,3096.240234375,-9422.099609375,6776.296875
1125878400050910976,325.748596191406,-604.542419433594,67.3365020751953,-0.521859228610992,3531.45483398438,-9583.267578125,6403.97265625
1125878400051041024,338.040985107422,-600.87109375,45.2991027832031,-0.543347537517548,3979.10400390625,-9682.447265625,5994.41650390625
1125878400051170944,346.645660400391,-598.423522949219,24.4860000610352,-0.567905604839325,4426.75341796875,-9719.6396484375,5609.681640625
1125878400051302016,354.021118164063,-591.080932617188,2.44860005378723,-0.586324155330658,4886.8369140625,-9732.037109375,5175.3037109375
1125878400051431936,360.167297363281,-584.962097167969,-19.5888004302979,-0.610882222652435,5334.486328125,-9732.037109375,4740.92578125
1125878400051561984,365.084259033203,-575.171936035156,-42.8505020141602,-0.626231074333191,5744.83154296875,-9719.6396484375,4306.54736328125
1125878400051692032,370.001220703125,-566.605529785156,-64.8879013061523,-0.647719383239746,6142.74169921875,-9694.8447265625,3822.5263671875
1125878400051821952,371.23046875,-553.14404296875,-84.4766998291016,-0.666137933731079,6478.478515625,-9645.2548828125,3313.68359375
1125878400051953024,372.459716796875,-539.682556152344,-105.28980255127,-0.678416967391968,6801.78076171875,-9595.6650390625,2804.8408203125
1125878400052082944,373.688934326172,-522.5498046875,-122.430000305176,-0.678416967391968,7112.6484375,-9508.8828125,2271.17651367188
1125878400052212992,372.459716796875,-504.193237304688,-140.794509887695,-0.675347208976746,7411.0810546875,-9397.3046875,1725.10119628906
1125878400052343040,374.918182373047,-484.612915039063,-155.486099243164,-0.663068175315857,7684.64453125,-9310.5224609375,1191.43676757813
1125878400052472960,374.918182373047,-463.808837890625,-168.953399658203,-0.647719383239746,7945.7734375,-9136.9580078125,670.183227539063
1125878400052604032,373.688934326172,-445.452301025391,-179.972106933594,-0.626231074333191,8169.59814453125,-8975.7900390625,173.751205444336
1125878400052733952,372.459716796875,-422.200653076172,-189.766510009766,-0.598603188991547,8430.7265625,-8740.2373046875,-372.324005126953
1125878400052864000,367.542755126953,-398.949035644531,-199.560897827148,-0.567905604839325,8654.55078125,-8504.6845703125,-856.34521484375
1125878400052994048,365.084259033203,-374.4736328125,-209.35530090332,-0.543347537517548,8903.2451171875,-8231.9404296875,-1327.95556640625
1125878400053124992,360.167297363281,-352.445770263672,-217.925399780273,-0.51878947019577,9127.0693359375,-7934.39990234375,-1799.56604003906
1125878400053255040,356.479583740234,-329.194122314453,-226.495498657227,-0.500370860099792,9326.025390625,-7587.27001953125,-2221.533203125
1125878400053384960,350.333374023438,-307.166290283203,-236.289901733398,-0.485022097826004,9524.98046875,-7252.53759765625,-2655.9111328125
1125878400053515008,342.957946777344,-285.138427734375,-248.532897949219,-0.475812792778015,9661.76171875,-6893.01025390625,-3065.46752929688
1125878400053645056,334.353271484375,-264.334320068359,-260.775909423828,-0.469673275947571,9773.673828125,-6558.27734375,-3487.43481445313
1125878400053776000,326.977813720703,-239.858917236328,-274.243194580078,-0.460464000701904,9835.84765625,-6211.1474609375,-3909.40209960938
1125878400053906048,319.602386474609,-217.831069946289,-286.486206054688,-0.457394242286682,9885.5869140625,-5888.8125,-4331.369140625
1125878400054035968,312.226959228516,-192.131896972656,-299.953521728516,-0.442045450210571,9885.5869140625,-5529.28515625,-4753.33642578125
1125878400054166016,304.851501464844,-162.761413574219,-313.420806884766,-0.429766416549683,9873.1513671875,-5144.96240234375,-5175.3037109375
1125878400054296064,295.017578125,-132.16716003418,-330.561004638672,-0.414417594671249,9860.716796875,-4735.84521484375,-5572.44921875
1125878400054427008,285.183654785156,-99.125373840332,-347.701202392578,-0.392929285764694,9835.84765625,-4351.5224609375,-5957.18408203125
1125878400054557056,274.120513916016,-66.0835800170898,-361.168518066406,-0.377580493688583,9748.8046875,-3930.00756835938,-6292.275390625
1125878400054686976,260.598876953125,-29.3704795837402,-375.860107421875,-0.365301460027695,9686.630859375,-3508.49243164063,-6627.3671875
1125878400054817024,244.618743896484,4.89508008956909,-390.551696777344,-0.346882879734039,9574.71875,-3024.98999023438,-6974.86962890625
1125878400054946944,227.409393310547,41.6081809997559,-402.794708251953,-0.331534087657928,9450.3720703125,-2529.09008789063,-7285.1396484375
1125878400055078016,207.741546630859,78.3212814331055,-416.262023925781,-0.31925505399704,9350.89453125,-2033.19006347656,-7620.23095703125
1125878400055207936,188.073715209961,113.810615539551,-427.280700683594,-0.306975990533829,9201.677734375,-1562.0849609375,-7893.2685546875
1125878400055337984,165.947387695313,149.299942016602,-435.850799560547,-0.303906232118607,9027.591796875,-1053.78747558594,-8153.8955078125
1125878400055468032,141.362594604492,182.341735839844,-441.972320556641,-0.297766715288162,8803.767578125,-520.695007324219,-8402.111328125
1125878400055597952,114.319313049316,215.383529663086,-446.869506835938,-0.29469695687294,8555.0732421875,0.0,-8662.73828125
1125878400055729024,88.5052795410156,244.753997802734,-449.318115234375,-0.291627198457718,8318.814453125,520.695007324219,-8923.365234375
1125878400055858944,63.9204788208008,272.900726318359,-450.542419433594,-0.285487681627274,8007.94677734375,1028.99255371094,-9171.5810546875
1125878400055988992,40.5649185180664,299.823669433594,-450.542419433594,-0.279348164796829,7672.2099609375,1512.49499511719,-9370.154296875
1125878400056119040,18.4385986328125,323.075286865234,-448.093811035156,-0.267069131135941,7336.47314453125,1995.99755859375,-9568.7265625
1125878400056249984,-2.45847988128662,343.879364013672,-441.972320556641,-0.251720309257507,6950.9970703125,2504.294921875,-9754.888671875
1125878400056380032,-23.3555583953857,362.235931396484,-434.626495361328,-0.236371517181396,6553.0869140625,2975.39990234375,-9878.9970703125
1125878400056509952,-40.5649185180664,379.368713378906,-426.056396484375,-0.221022725105286,6204.91552734375,3471.30004882813,-9990.6943359375
1125878400056640000,-59.0035171508789,391.606414794922,-418.710601806641,-0.208743676543236,5831.87451171875,3954.80249023438,-10040.3369140625
1125878400056770048,-72.5251541137695,401.396575927734,-407.69189453125,-0.193394884467125,5421.529296875,4425.90771484375,-10052.748046875
1125878400056900992,-88.5052795410156,409.962951660156,-396.673217773438,-0.187255367636681,4973.8798828125,4884.615234375,-10077.5693359375
1125878400057031040,-105.714637756348,417.305572509766,-383.205902099609,-0.174976319074631,4526.23095703125,5306.1298828125,-10065.1591796875
1125878400057160960,-119.236274719238,425.871978759766,-370.962921142578,-0.165767043828964,4078.58154296875,5727.64501953125,-10040.3369140625
1125878400057291008,-133.987152099609,429.543273925781,-356.271301269531,-0.150418236851692,3593.62841796875,6062.37744140625,-9978.283203125
1125878400057421056,-147.5087890625,434.438354492188,-341.579711914063,-0.131999686360359,3096.240234375,6384.71240234375,-9916.2294921875
1125878400057552000,-157.342712402344,438.109680175781,-325.663818359375,-0.107441604137421,2573.98291015625,6669.85498046875,-9854.1748046875
1125878400057682048,-168.405868530273,444.228515625,-307.29931640625,-0.0767439976334572,2026.85607910156,6954.99755859375,-9730.0673828125
1125878400057811968,-177.010559082031,449.123596191406,-288.934814453125,-0.0368371196091175,1479.72924804688,7240.14013671875,-9568.7265625
1125878400057942016,-184.385986328125,455.242462158203,-270.5703125,0.00306976004503667,982.34130859375,7500.4873046875,-9457.029296875
1125878400058072064,-191.761428833008,462.585083007813,-250.981506347656,0.0552556812763214,472.518615722656,7736.0400390625,-9258.45703125
1125878400058203008,-197.907623291016,467.480163574219,-230.168411254883,0.104371838271618,-37.3041000366211,7946.79736328125,-9035.0625
1125878400058333056,-204.053833007813,473.598999023438,-209.35530090332,0.15962752699852,-522.257385253906,8194.7470703125,-8774.435546875
1125878400058462976,-210.20002746582,478.494079589844,-188.542205810547,0.208743676543236,-982.34130859375,8430.2998046875,-8501.3984375
1125878400058593024,-220.033950805664,485.836700439453,-166.504806518555,0.257859855890274,-1429.99047851563,8690.6474609375,-8191.1279296875
1125878400058722944,-227.409393310547,491.955535888672,-146.916000366211,0.29469695687294,-1827.90087890625,8926.2001953125,-7831.21484375
1125878400058854016,-239.701782226563,495.626861572266,-126.102905273438,0.325394570827484,-2213.37670898438,9136.9580078125,-7471.3017578125
1125878400058983936,-251.994186401367,498.074401855469,-106.514099121094,0.346882879734039,-2623.7216796875,9335.3173828125,-7074.15576171875
1125878400059113984,-267.974304199219,498.074401855469,-88.1496047973633,0.36223167181015,-3021.63208007813,9484.087890625,-6664.599609375
1125878400059244032,-281.495941162109,498.074401855469,-68.5607986450195,0.371440976858139,-3407.10791015625,9608.0625,-6304.6865234375
1125878400059374976,-298.705291748047,499.298156738281,-48.9720001220703,0.377580493688583,-3829.8876953125,9670.0498046875,-5919.95166015625
1125878400059505024,-314.685424804688,499.298156738281,-30.6075000762939,0.38678976893425,-4277.53662109375,9694.8447265625,-5572.44921875
1125878400059634944,-329.436309814453,499.298156738281,-11.0187005996704,0.395999044179916,-4700.31640625,9670.0498046875,-5162.892578125
1125878400059764992,-344.187194824219,498.074401855469,11.0187005996704,0.408278077840805,-5147.9658203125,9670.0498046875,-4740.92578125
1125878400059895040,-360.167297363281,494.403076171875,33.0560989379883,0.423626899719238,-5558.31103515625,9645.2548828125,-4318.95849609375
1125878400060025984,-373.688934326172,489.507995605469,57.5421028137207,0.432836174964905,-5943.78662109375,9632.857421875,-3847.34790039063
1125878400060156032,-385.981353759766,483.38916015625,78.3552017211914,0.442045450210571,-6279.5234375,9595.6650390625,-3388.1484375
1125878400060285952,-394.586029052734,474.82275390625,99.1683044433594,0.451254725456238,-6640.1298828125,9533.677734375,-2879.3056640625
1125878400060416000,-403.190704345703,462.585083007813,117.532806396484,0.451254725456238,-6975.86669921875,9446.8955078125,-2382.87353515625
1125878400060546048,-409.3369140625,447.899841308594,138.345901489258,0.445115208625793,-7311.603515625,9335.3173828125,-1836.79833984375
1125878400060676992,-416.712341308594,431.990814208984,156.710403442383,0.432836174964905,-7622.47119140625,9223.740234375,-1340.36645507813
1125878400060807040,-420.400054931641,414.858032226563,173.850601196289,0.42669665813446,-7933.33837890625,9062.572265625,-831.523620605469
1125878400060936960,-419.170806884766,395.277709960938,188.542205810547,0.408278077840805,-8194.4677734375,8901.4052734375,-322.680786132813
1125878400061067008,-417.941589355469,373.249847412109,200.785202026367,0.389859527349472,-8468.0302734375,8678.25,210.983596801758
1125878400061197056,-414.253845214844,349.998229980469,214.252502441406,0.371440976858139,-8716.724609375,8455.0947265625,719.826416015625
1125878400061328000,-410.566131591797,325.522827148438,225.271209716797,0.356092154979706,-8977.853515625,8207.1455078125,1216.25842285156
1125878400061458048,-404.419952392578,299.823669433594,236.289901733398,0.334603846073151,-9201.677734375,7934.39990234375,1712.6904296875
1125878400061587968,-397.044494628906,276.572021484375,244.860000610352,0.316185295581818,-9388.1982421875,7636.85986328125,2171.88989257813
1125878400061718016,-387.210571289063,252.096618652344,254.654403686523,0.303906232118607,-9562.2841796875,7302.12744140625,2631.08959960938
1125878400061848064,-376.147430419922,225.173690795898,264.448791503906,0.285487681627274,-9686.630859375,6967.39501953125,3077.87841796875
1125878400061979008,-365.084259033203,200.698287963867,274.243194580078,0.270138889551163,-9798.5439453125,6645.06005859375,3537.07788085938
1125878400062109056,-355.250335693359,173.775344848633,284.03759765625,0.257859855890274,-9848.2822265625,6297.93017578125,3971.4560546875
1125878400062238976,-346.645660400391,149.299942016602,292.607696533203,0.23944129049778,-9910.4560546875,5950.7998046875,4393.42333984375
1125878400062369024,-335.582489013672,121.153228759766,301.177795410156,0.221022725105286,-9898.021484375,5566.4775390625,4827.80126953125
1125878400062499968,-325.748596191406,93.0065231323242,312.196502685547,0.202604159712791,-9910.4560546875,5132.56494140625,5237.357421875
1125878400062630016,-314.685424804688,64.8598098754883,321.990905761719,0.184185609221458,-9910.4560546875,4686.2548828125,5634.50341796875
1125878400062759936,-303.622253417969,36.7131004333496,333.009613037109,0.168836802244186,-9885.5869140625,4239.94482421875,5982.00537109375
1125878400062889984,-290.100616455078,9.79016017913818,340.355407714844,0.15962752699852,-9835.84765625,3744.044921875,6304.6865234375
1125878400063020032,-276.578979492188,-15.9090099334717,351.374114990234,0.153487995266914,-9786.109375,3223.35009765625,6614.95654296875
1125878400063150976,-259.36962890625,-39.1606407165527,359.944213867188,0.162697285413742,-9723.935546875,2677.86010742188,6900.40478515625
1125878400063281024,-242.160263061523,-61.1884994506836,368.514312744141,0.171906560659409,-9636.892578125,2119.97241210938,7185.85302734375
1125878400063410944,-221.26318359375,-80.7688217163086,377.084411621094,0.193394884467125,-9512.5458984375,1524.89245605469,7458.890625
1125878400063540992,-201.595352172852,-97.9016036987305,385.654510498047,0.224092483520508,-9413.068359375,967.005004882813,7694.69580078125
1125878400063671040,-179.469024658203,-110.139305114746,393.000305175781,0.263999372720718,-9238.982421875,409.117492675781,7905.6796875
1125878400063801984,-156.113479614258,-119.929458618164,396.673217773438,0.306975990533829,-9040.02734375,-136.372497558594,8153.8955078125
1125878400063932032,-133.987152099609,-130.943389892578,399.121795654297,0.356092154979706,-8778.8984375,-657.067504882813,8402.111328125
1125878400064061952,-108.173110961914,-139.509780883789,402.794708251953,0.399068802595139,-8517.76953125,-1128.17248535156,8687.5595703125
1125878400064192000,-86.0467987060547,-149.299942016602,402.794708251953,0.429766416549683,-8169.59814453125,-1549.6875,8973.0087890625
1125878400064322048,-63.9204788208008,-157.866333007813,401.570404052734,0.457394242286682,-7771.6875,-1934.01000976563,9246.0458984375
1125878400064452992,-44.2526397705078,-170.104034423828,395.448913574219,0.460464000701904,-7361.34228515625,-2268.74243164063,9519.083984375
1125878400064583040,-25.8140392303467,-186.013046264648,389.327423095703,0.448184967041016,-6863.95458984375,-2615.87255859375,9742.4775390625
1125878400064712960,-9.83391952514648,-203.14582824707,378.308715820313,0.423626899719238,-6441.1748046875,-2950.60498046875,9928.6396484375
1125878400064843008,6.14619970321655,-221.502380371094,370.962921142578,0.392929285764694,-6055.69873046875,-3334.92749023438,10052.748046875
1125878400064973056,20.8970794677734,-241.08268737793,361.168518066406,0.356092154979706,-5695.0927734375,-3731.6474609375,10077.5693359375
1125878400065104000,34.4187164306641,-260.663024902344,353.822692871094,0.325394570827484,-5322.0517578125,-4128.36767578125,10052.748046875
1125878400065234048,51.6280784606934,-280.243347167969,345.252593994141,0.291627198457718,-4936.57568359375,-4574.677734375,10015.515625
1125878400065363968,66.3789596557617,-303.494964599609,337.906799316406,0.260929614305496,-4488.9267578125,-4946.6025390625,10003.1044921875
1125878400065494016,87.2760391235352,-327.970367431641,331.785308837891,0.233301758766174,-4078.58154296875,-5343.32275390625,9978.283203125
1125878400065624960,105.714637756348,-351.221984863281,323.215209960938,0.205673918128014,-3618.49780273438,-5702.85009765625,9903.818359375
1125878400065755008,125.382476806641,-372.026092529297,314.645111083984,0.171906560659409,-3170.84838867188,-6049.97998046875,9816.9423828125
1125878400065885056,142.591827392578,-392.830169677734,303.626403808594,0.138139203190804,-2698.32983398438,-6359.91748046875,9730.0673828125
1125878400066014976,161.030426025391,-412.410491943359,290.159118652344,0.101302079856396,-2200.94189453125,-6694.64990234375,9593.548828125
1125878400066145024,179.469024658203,-431.990814208984,275.467498779297,0.0644649639725685,-1691.119140625,-7041.77978515625,9457.029296875
1125878400066275968,199.136871337891,-450.347381591797,259.551605224609,0.0276278406381607,-1231.03527832031,-7364.115234375,9308.099609375
1125878400066406016,216.346221923828,-466.256378173828,243.635711669922,-0.00920927990227938,-733.647277832031,-7649.25732421875,9109.52734375
1125878400066535936,233.555587768555,-477.270294189453,224.046905517578,-0.0460464023053646,-261.128692626953,-7934.39990234375,8886.1328125
1125878400066665984,249.535705566406,-488.284240722656,203.233810424805,-0.0828835219144821,248.694000244141,-8231.9404296875,8613.0947265625
1125878400066796032,264.286590576172,-495.626861572266,182.420700073242,-0.113581120967865,721.212585449219,-8479.8896484375,8364.87890625
1125878400066926976,279.037475585938,-502.969482421875,161.607604980469,-0.150418236851692,1218.6005859375,-8740.2373046875,8079.4306640625
1125878400067057024,293.788360595703,-507.864562988281,138.345901489258,-0.181115835905075,1703.55395507813,-8975.7900390625,7756.75
1125878400067186944,306.080749511719,-510.312103271484,117.532806396484,-0.205673918128014,2151.203125,-9186.5478515625,7409.24755859375
1125878400067316992,317.143890380859,-509.088317871094,96.7197036743164,-0.22716224193573,2623.7216796875,-9384.9072265625,7074.15576171875
1125878400067447040,329.436309814453,-506.640777587891,75.9066009521484,-0.245580807328224,3083.8056640625,-9496.4853515625,6677.01025390625
1125878400067577984,339.270233154297,-504.193237304688,55.0935020446777,-0.270138889551163,3556.32421875,-9595.6650390625,6317.09716796875
1125878400067708032,347.874908447266,-502.969482421875,35.5046997070313,-0.288557440042496,4016.408203125,-9670.0498046875,5957.18408203125
1125878400067837952,355.250335693359,-499.298156738281,17.1401996612549,-0.313115537166595,4488.9267578125,-9707.2421875,5597.27099609375
1125878400067968000,360.167297363281,-493.179321289063,-3.67290019989014,-0.340743362903595,4911.70654296875,-9707.2421875,5162.892578125
1125878400068098048,365.084259033203,-487.060455322266,-23.2616996765137,-0.36223167181015,5346.9208984375,-9719.6396484375,4716.10400390625
1125878400068228992,370.001220703125,-479.717834472656,-45.2991027832031,-0.383720010519028,5744.83154296875,-9707.2421875,4281.72607421875
1125878400068359040,374.918182373047,-471.151458740234,-66.1121978759766,-0.402138561010361,6130.30712890625,-9707.2421875,3797.70483398438
1125878400068488960,377.376647949219,-457.690002441406,-86.9253005981445,-0.417487353086472,6466.0439453125,-9657.65234375,3288.86206054688
1125878400068619008,379.835144042969,-444.228515625,-104.065505981445,-0.420557111501694,6776.91162109375,-9595.6650390625,2767.6083984375
1125878400068749952,382.293609619141,-429.543273925781,-121.205703735352,-0.420557111501694,7062.90966796875,-9508.8828125,2246.35473632813
1125878400068880000,383.522857666016,-412.410491943359,-138.345901489258,-0.414417594671249,7361.34228515625,-9422.099609375,1687.86877441406
1125878400069010048,385.981353759766,-394.053955078125,-153.037506103516,-0.395999044179916,7647.34033203125,-9322.919921875,1166.615234375
1125878400069139968,388.439819335938,-373.249847412109,-166.504806518555,-0.374510735273361,7896.03466796875,-9149.35546875,645.361572265625
1125878400069270016,388.439819335938,-354.893310546875,-176.299209594727,-0.353022396564484,8119.85888671875,-8988.1875,173.751205444336
1125878400069400960,387.210571289063,-332.865447998047,-187.317901611328,-0.322324812412262,8368.552734375,-8765.0322265625,-372.324005126953
1125878400069531008,385.981353759766,-308.390045166016,-197.1123046875,-0.29469695687294,8604.8125,-8529.48046875,-881.166809082031
1125878400069661056,384.752105712891,-285.138427734375,-206.906707763672,-0.260929614305496,8841.0712890625,-8269.1328125,-1352.77722167969
1125878400069790976,382.293609619141,-261.886779785156,-216.701110839844,-0.233301758766174,9064.896484375,-7983.990234375,-1824.38757324219
1125878400069921024,378.605895996094,-238.635147094727,-224.046905517578,-0.208743676543236,9263.8515625,-7661.65478515625,-2246.35473632813
1125878400070051968,374.918182373047,-215.383529663086,-235.065612792969,-0.187255367636681,9475.2412109375,-7314.52490234375,-2680.73291015625
1125878400070182016,366.313507080078,-192.131896972656,-246.08430480957,-0.171906560659409,9624.4580078125,-6930.20263671875,-3102.69995117188
1125878400070311936,357.708831787109,-167.656494140625,-257.102996826172,-0.15962752699852,9748.8046875,-6583.07275390625,-3524.66723632813
1125878400070441984,351.562622070313,-143.181091308594,-269.346008300781,-0.150418236851692,9835.84765625,-6235.9423828125,-3946.63427734375
1125878400070572032,345.416412353516,-119.929458618164,-280.364715576172,-0.138139203190804,9885.5869140625,-5901.2099609375,-4368.6015625
1125878400070702976,335.582489013672,-96.6778335571289,-292.607696533203,-0.131999686360359,9898.021484375,-5516.8876953125,-4790.56884765625
1125878400070833024,326.977813720703,-68.531120300293,-306.075012207031,-0.116650879383087,9885.5869140625,-5107.77001953125,-5212.5361328125
1125878400070962944,317.143890380859,-40.3844108581543,-319.542297363281,-0.101302079856396,9873.1513671875,-4686.2548828125,-5609.681640625
1125878400071092992,307.309997558594,-12.2377004623413,-331.785308837891,-0.0890230387449265,9848.2822265625,-4277.1376953125,-5994.41650390625
1125878400071223040,295.017578125,17.1327800750732,-344.0283203125,-0.073674239218235,9786.109375,-3793.63500976563,-6341.9189453125
1125878400071353984,280.266693115234,45.2794914245605,-355.046997070313,-0.0706044808030128,9723.935546875,-3347.32495117188,-6652.18896484375
1125878400071484032,265.515838623047,73.4262008666992,-366.065704345703,-0.0644649639725685,9661.76171875,-2826.63012695313,-6987.2802734375
1125878400071613952,247.077224731445,101.572914123535,-374.635803222656,-0.061395201832056,9537.4150390625,-2318.33251953125,-7297.55029296875
1125878400071744000,226.180145263672,130.943389892578,-384.430206298828,-0.0706044808030128,9413.068359375,-1797.63745117188,-7595.40966796875
1125878400071874944,205.283065795898,156.642562866211,-393.000305175781,-0.073674239218235,9288.720703125,-1301.73754882813,-7868.447265625
1125878400072004992,184.385986328125,182.341735839844,-399.121795654297,-0.0859532803297043,9102.2001953125,-805.837524414063,-8116.6630859375
1125878400072135040,158.57194519043,205.593368530273,-402.794708251953,-0.0951625630259514,8890.810546875,-272.744995117188,-8377.2900390625
1125878400072264960,131.528671264648,228.845001220703,-404.019012451172,-0.110511362552643,8642.1162109375,260.347503662109,-8613.0947265625
1125878400072395008,106.943878173828,249.649078369141,-405.243316650391,-0.125860154628754,8393.4228515625,743.849975585938,-8886.1328125
1125878400072525952,82.3590774536133,270.453186035156,-406.467620849609,-0.138139203190804,8094.98974609375,1239.75,-9109.52734375
1125878400072656000,59.0035171508789,288.809722900391,-404.019012451172,-0.144278720021248,7746.81787109375,1735.65002441406,-9320.5107421875
1125878400072786048,34.4187164306641,305.942504882813,-400.346099853516,-0.150418236851692,7411.0810546875,2181.9599609375,-9519.083984375
1125878400072915968,13.5216388702393,320.627746582031,-394.224609375,-0.150418236851692,7013.1708984375,2653.06494140625,-9705.2451171875
1125878400073046016,-8.60467910766602,335.31298828125,-388.103118896484,-0.144278720021248,6640.1298828125,3111.7724609375,-9816.9423828125
1125878400073176960,-28.272518157959,351.221984863281,-379.533020019531,-0.144278720021248,6267.0888671875,3570.47998046875,-9916.2294921875
1125878400073307008,-45.481876373291,361.012145996094,-372.187194824219,-0.138139203190804,5894.0478515625,4029.1875,-9978.283203125
1125878400073437056,-61.4619979858398,369.578552246094,-363.617095947266,-0.135069444775581,5483.70263671875,4463.10009765625,-10003.1044921875
1125878400073566976,-79.9005966186523,379.368713378906,-353.822692871094,-0.131999686360359,5036.0537109375,4921.8076171875,-10003.1044921875
1125878400073697024,-97.1099548339844,387.935089111328,-342.804016113281,-0.131999686360359,4613.27392578125,5330.9248046875,-9990.6943359375
1125878400073827968,-114.319313049316,396.501495361328,-333.009613037109,-0.125860154628754,4153.18994140625,5727.64501953125,-9965.8720703125
1125878400073958016,-130.299438476563,402.620330810547,-321.990905761719,-0.116650879383087,3655.8017578125,6087.17236328125,-9916.2294921875
1125878400074087936,-143.821075439453,407.515411376953,-307.29931640625,-0.104371838271618,3183.283203125,6397.10986328125,-9841.7646484375
1125878400074217984,-157.342712402344,413.63427734375,-293.832000732422,-0.0890230387449265,2648.59106445313,6682.25244140625,-9767.2998046875
1125878400074348032,-169.635116577148,418.529357910156,-276.691802978516,-0.0644649639725685,2126.33374023438,6979.79248046875,-9655.6025390625
1125878400074478976,-180.698272705078,425.871978759766,-260.775909423828,-0.0337673611938953,1579.20690917969,7264.93505859375,-9519.083984375
1125878400074609024,-191.761428833008,434.438354492188,-243.635711669922,0.0,1044.51477050781,7512.88525390625,-9394.9755859375
1125878400074738944,-200.366104125977,443.004760742188,-225.271209716797,0.0460464023053646,522.257385253906,7748.4375,-9221.224609375
1125878400074868992,-208.970794677734,447.899841308594,-206.906707763672,0.0890230387449265,49.7388000488281,7971.59228515625,-8973.0087890625
1125878400075000064,-216.346221923828,452.794921875,-187.317901611328,0.135069444775581,-472.518615722656,8219.54296875,-8712.3818359375
1125878400075129984,-223.721664428711,460.137542724609,-166.504806518555,0.181115835905075,-932.602478027344,8455.0947265625,-8439.34375
1125878400075260032,-232.326354980469,466.256378173828,-146.916000366211,0.217952966690063,-1405.12109375,8740.2373046875,-8153.8955078125
1125878400075389952,-242.160263061523,471.151458740234,-128.551498413086,0.251720309257507,-1815.46618652344,8975.7900390625,-7793.982421875
1125878400075520000,-253.223434448242,472.375213623047,-110.187004089355,0.279348164796829,-2188.50732421875,9174.150390625,-7409.24755859375
1125878400075650944,-265.515838623047,474.82275390625,-90.5982055664063,0.29469695687294,-2598.85229492188,9384.9072265625,-7024.5126953125
1125878400075780992,-279.037475585938,473.598999023438,-72.2337036132813,0.303906232118607,-3009.19750976563,9521.2802734375,-6627.3671875
1125878400075911040,-293.788360595703,472.375213623047,-56.3178024291992,0.313115537166595,-3419.54248046875,9657.65234375,-6255.04296875
1125878400076040960,-309.768463134766,469.927673339844,-37.9533004760742,0.316185295581818,-3867.19165039063,9707.2421875,-5895.1298828125
1125878400076171008,-320.831634521484,471.151458740234,-20.8131008148193,0.322324812412262,-4302.40625,9732.037109375,-5547.62744140625
1125878400076301952,-335.582489013672,467.480163574219,-2.44860005378723,0.331534087657928,-4750.05517578125,9707.2421875,-5138.0712890625
1125878400076432000,-346.645660400391,465.032623291016,18.3645000457764,0.343813121318817,-5172.8349609375,9694.8447265625,-4703.693359375
1125878400076562048,-358.938049316406,461.361297607422,40.4019012451172,0.353022396564484,-5583.18017578125,9694.8447265625,-4281.72607421875
1125878400076691968,-371.23046875,454.018676757813,62.4393005371094,0.365301460027695,-5981.0908203125,9682.447265625,-3822.5263671875
1125878400076822016,-379.835144042969,445.452301025391,80.8038024902344,0.371440976858139,-6291.9580078125,9632.857421875,-3350.916015625
1125878400076952960,-388.439819335938,435.662139892578,100.392601013184,0.371440976858139,-6664.9990234375,9570.8701171875,-2854.48388671875
1125878400077083008,-395.815246582031,422.200653076172,121.205703735352,0.368371218442917,-6988.30126953125,9496.4853515625,-2345.64111328125
1125878400077213056,-401.961456298828,406.291656494141,139.570205688477,0.359161913394928,-7311.603515625,9372.509765625,-1811.97680664063
1125878400077342976,-406.87841796875,387.935089111328,155.486099243164,0.346882879734039,-7610.03662109375,9285.7275390625,-1303.13403320313
1125878400077473024,-411.795379638672,369.578552246094,171.402008056641,0.331534087657928,-7883.599609375,9112.162109375,-781.88037109375
1125878400077603968,-413.024627685547,349.998229980469,186.093597412109,0.310045778751373,-8144.728515625,8938.59765625,-273.03759765625
1125878400077734016,-411.795379638672,326.74658203125,200.785202026367,0.288557440042496,-8405.857421875,8727.83984375,260.626800537109
1125878400077863936,-409.3369140625,303.494964599609,211.803909301758,0.260929614305496,-8654.55078125,8517.0830078125,757.058776855469
1125878400077993984,-406.87841796875,277.795806884766,224.046905517578,0.236371517181396,-8915.6796875,8269.1328125,1253.49084472656
1125878400078125056,-401.961456298828,255.767929077148,233.84130859375,0.211813449859619,-9127.0693359375,7959.19482421875,1725.10119628906
1125878400078254976,-397.044494628906,228.845001220703,242.411407470703,0.190325126051903,-9326.025390625,7661.65478515625,2159.47924804688
1125878400078385024,-389.669067382813,204.369598388672,254.654403686523,0.171906560659409,-9524.98046875,7314.52490234375,2618.6787109375
1125878400078514944,-381.064392089844,179.894195556641,265.673095703125,0.15962752699852,-9661.76171875,6942.60009765625,3053.05688476563
1125878400078644992,-370.001220703125,154.195022583008,275.467498779297,0.14734847843647,-9773.673828125,6607.86767578125,3487.43481445313
1125878400078776064,-362.625793457031,130.943389892578,285.261901855469,0.135069444775581,-9860.716796875,6248.33984375,3921.81274414063
1125878400078905984,-354.021118164063,106.467994689941,296.280609130859,0.125860154628754,-9910.4560546875,5913.607421875,4356.19091796875
1125878400079036032,-346.645660400391,81.9925918579102,307.29931640625,0.110511362552643,-9910.4560546875,5516.8876953125,4778.158203125
1125878400079165952,-336.811737060547,56.2934226989746,318.317993164063,0.0951625630259514,-9898.021484375,5107.77001953125,5212.5361328125
1125878400079296000,-325.748596191406,29.3704795837402,328.112396240234,0.0798137634992599,-9898.021484375,4673.857421875,5622.09228515625
1125878400079426944,-314.685424804688,0.0,339.131103515625,0.0644649639725685,-9873.1513671875,4227.54736328125,5982.00537109375
1125878400079556992,-302.393035888672,-25.6991710662842,348.925506591797,0.0521859191358089,-9823.4130859375,3719.25,6304.6865234375
1125878400079687040,-288.871398925781,-50.1745719909668,358.719909667969,0.0521859191358089,-9773.673828125,3235.74755859375,6602.54541015625
1125878400079816960,-272.891265869141,-73.4262008666992,366.065704345703,0.0552556812763214,-9736.3701171875,2665.46240234375,6912.8154296875
1125878400079947008,-255.681915283203,-94.2302932739258,375.860107421875,0.073674239218235,-9649.3271484375,2082.78002929688,7173.4423828125
1125878400080077952,-234.78483581543,-112.586845397949,384.430206298828,0.0951625630259514,-9537.4150390625,1487.69995117188,7446.47998046875
1125878400080208000,-215.116989135742,-127.272079467773,391.776000976563,0.128929927945137,-9437.9375,917.414978027344,7682.28515625
1125878400080338048,-192.990676879883,-138.286010742188,396.673217773438,0.174976319074631,-9276.2861328125,359.527496337891,7893.2685546875
1125878400080467968,-170.864349365234,-146.852401733398,401.570404052734,0.224092483520508,-9077.3310546875,-198.360000610352,8141.48486328125
1125878400080598016,-145.050308227539,-154.195022583008,402.794708251953,0.273208647966385,-8828.63671875,-719.054992675781,8377.2900390625
1125878400080728960,-119.236274719238,-160.313873291016,405.243316650391,0.322324812412262,-8542.638671875,-1190.16003417969,8675.1494140625
1125878400080859008,-95.8807144165039,-167.656494140625,405.243316650391,0.36223167181015,-8194.4677734375,-1611.67504882813,8960.59765625
1125878400080989056,-72.5251541137695,-177.446655273438,401.570404052734,0.38678976893425,-7808.99169921875,-1971.20251464844,9246.0458984375
1125878400081118976,-51.6280784606934,-187.23681640625,394.224609375,0.395999044179916,-7386.2119140625,-2305.93505859375,9519.083984375
1125878400081250048,-33.1894798278809,-199.474517822266,385.654510498047,0.389859527349472,-6938.5625,-2640.66748046875,9754.888671875
1125878400081379968,-15.9801197052002,-214.159759521484,374.635803222656,0.368371218442917,-6478.478515625,-3000.19506835938,9903.818359375
1125878400081510016,1.22923994064331,-233.740081787109,367.290008544922,0.340743362903595,-6117.87255859375,-3384.517578125,10015.515625
1125878400081639936,15.9801197052002,-252.096618652344,359.944213867188,0.313115537166595,-5744.83154296875,-3781.23754882813,10040.3369140625
1125878400081769984,31.9602394104004,-272.900726318359,352.598419189453,0.288557440042496,-5384.22509765625,-4190.35498046875,10003.1044921875
1125878400081901056,49.1695976257324,-294.928588867188,345.252593994141,0.260929614305496,-4973.8798828125,-4599.47265625,9978.283203125
1125878400082030976,68.8374328613281,-314.508880615234,339.131103515625,0.23944129049778,-4563.53466796875,-4983.794921875,9953.4619140625
1125878400082161024,88.5052795410156,-337.760528564453,333.009613037109,0.211813449859619,-4128.3203125,-5380.51513671875,9928.6396484375
1125878400082290944,109.402351379395,-361.012145996094,324.439514160156,0.190325126051903,-3655.8017578125,-5727.64501953125,9854.1748046875
1125878400082420992,127.840957641602,-381.816253662109,317.093719482422,0.15962752699852,-3208.15258789063,-6049.97998046875,9804.5322265625
1125878400082552064,146.279556274414,-402.620330810547,304.850708007813,0.128929927945137,-2723.19921875,-6384.71240234375,9705.2451171875
1125878400082681984,165.947387695313,-420.976898193359,292.607696533203,0.0951625630259514,-2225.81127929688,-6707.04736328125,9593.548828125
1125878400082812032,185.615234375,-439.333435058594,276.691802978516,0.061395201832056,-1703.55395507813,-7066.5751953125,9457.029296875
1125878400082941952,202.824584960938,-455.242462158203,260.775909423828,0.0276278406381607,-1243.46997070313,-7401.3076171875,9295.689453125
1125878400083072000,222.492431640625,-471.151458740234,243.635711669922,-0.00920927990227938,-733.647277832031,-7674.052734375,9121.9375
1125878400083202944,238.472549438477,-482.165374755859,224.046905517578,-0.0460464023053646,-248.694000244141,-7959.19482421875,8910.9541015625
